Species,Age,sx,fx
Accipiter nisus,1,0.453,1.58
Accipiter nisus,2,0.626,2.3
Accipiter nisus,3,0.609,2.73
Accipiter nisus,4,0.686,3.25
Accipiter nisus,5,0.66,3.48
Accipiter nisus,6,0.571,3.49
Accipiter nisus,7,0.516,2.64
Accipiter nisus,8,0.415,2.5
Accipiter nisus,9,0.279,0
Capreolus capreolus,1,0.741573034,0.02247191
Capreolus capreolus,2,0.863636364,0.666666667
Capreolus capreolus,3,0.947368421,0.640350877
Capreolus capreolus,4,0.925925926,0.62962963
Capreolus capreolus,5,0.9,0.46
Capreolus capreolus,6,0.911111111,0.5
Capreolus capreolus,7,0.780487805,0.475609756
Capreolus capreolus,8,0.8125,0.40625
Capreolus capreolus,9,0.769230769,0.365384615
Capreolus capreolus,10,0.6,0.3
Capreolus capreolus,11,0.75,0.375
Capreolus capreolus,12,0.444444444,0.333333333
Capreolus capreolus,13,0,0.625
Cervus elaphus,1,0.84040747,0
Cervus elaphus,2,0.913131313,0
Cervus elaphus,3,0.900442478,0.03539823
Cervus elaphus,4,0.906633907,0.108108108
Cervus elaphus,5,0.913279133,0.096205962
Cervus elaphus,6,0.908011869,0.09495549
Cervus elaphus,7,0.928104575,0.135620915
Cervus elaphus,8,0.915492958,0.125
Cervus elaphus,9,0.892307692,0.126923077
Cervus elaphus,10,0.875,0.129310345
Cervus elaphus,11,0.837438424,0.098522167
Cervus elaphus,12,0.782352941,0.1
Cervus elaphus,13,0.736842105,0.086466165
Cervus elaphus,14,0.663265306,0.076530612
Cervus elaphus,15,0.676923077,0.038461538
Cervus elaphus,16,0.545454545,0.045454545
Cervus elaphus,17,0.625,0.020833333
Cervus elaphus,18,0.4,0.033333333
Cervus elaphus,19,0.166666667,0
Cervus elaphus,20,0.9999,0
Cervus elaphus,21,0.9999,0
Cervus elaphus,22,0.9999,0
Cervus elaphus,23,0,0
Crocodylus johnsoni,1,0.1474653,0
Crocodylus johnsoni,2,0.21650445,0
Crocodylus johnsoni,3,0.21990165,0
Crocodylus johnsoni,4,0.1996749,0
Crocodylus johnsoni,5,0.21940995,0
Crocodylus johnsoni,6,0.2088831,0
Crocodylus johnsoni,7,0.20115,0
Crocodylus johnsoni,8,0.20115,0
Crocodylus johnsoni,9,0.2124591,0
Crocodylus johnsoni,10,0.2147835,0
Crocodylus johnsoni,11,0.21140865,0
Crocodylus johnsoni,12,0.21391185,0.2209
Crocodylus johnsoni,13,0.2034744,0.3441
Crocodylus johnsoni,14,0.2015076,0.4742
Crocodylus johnsoni,15,0.21131925,0.7324
Crocodylus johnsoni,16,0.21060405,1.0022
Crocodylus johnsoni,17,0.18700245,1.5384
Crocodylus johnsoni,18,0.2125932,2.0939
Crocodylus johnsoni,19,0.2177784,2.6659
Crocodylus johnsoni,20,0.21762195,3.2523
Crocodylus johnsoni,21,0.19330515,3.8509
Crocodylus johnsoni,22,0.1955625,4.4599
Crocodylus johnsoni,23,0.2075421,4.7958
Crocodylus johnsoni,24,0.1375419,5.133
Crocodylus johnsoni,25,0.20953125,5.4712
Crocodylus johnsoni,26,0.2235,5.81
Crocodylus johnsoni,27,0.20859255,5.8564
Crocodylus johnsoni,28,0.2235,5.8987
Crocodylus johnsoni,29,0.2075421,5.9373
Crocodylus johnsoni,30,0.15472905,5.9725
Crocodylus johnsoni,31,0.2235,6.0045
Crocodylus johnsoni,32,0.19866915,6.0337
Crocodylus johnsoni,33,0.1955625,6.0604
Crocodylus johnsoni,34,0.15964605,6.0847
Crocodylus johnsoni,35,0.1788,6.1068
Crocodylus johnsoni,36,0.2235,6.127
Crocodylus johnsoni,37,0.167625,6.1455
Crocodylus johnsoni,38,0.2235,6.1622
Crocodylus johnsoni,39,0.14900745,6.1775
Crocodylus johnsoni,40,0.2235,6.1915
Crocodylus johnsoni,41,0.2235,6.2042
Crocodylus johnsoni,42,0.2235,6.2158
Crocodylus johnsoni,43,0.2235,6.2264
Crocodylus johnsoni,44,0.11175,6.236
Crocodylus johnsoni,45,0.2235,6.2448
Crocodylus johnsoni,46,0.2235,6.2528
Crocodylus johnsoni,47,0.2235,6.2601
Crocodylus johnsoni,48,0.2235,6.2668
Crocodylus johnsoni,49,0.2235,6.2729
Crocodylus johnsoni,50,0.2235,6.2784
Crocodylus johnsoni,51,0.2235,6.2835
Crocodylus johnsoni,52,0.2235,6.2881
Crocodylus johnsoni,53,0.2235,6.2923
Crocodylus johnsoni,54,0,6.2961
Cygnus olor,1,0.666026871,0
Cygnus olor,2,0.793435438,0.001080692
Cygnus olor,3,0.851429117,0.007692308
Cygnus olor,4,0.848834136,0.024894068
Cygnus olor,5,0.809460972,0.036691542
Cygnus olor,6,0.808912358,0.049770291
Cygnus olor,7,0.784149676,0.043396226
Cygnus olor,8,0.786318738,0.06235012
Cygnus olor,9,0.842146562,0.045592705
Cygnus olor,10,0.846069402,0.059352518
Cygnus olor,11,0.815049693,0.059322034
Cygnus olor,12,0.784919396,0.059585492
Cygnus olor,13,0.760594504,0.042763158
Cygnus olor,14,0.721705606,0.051724138
Cygnus olor,15,0.676292158,0.029761905
Cygnus olor,16,0.821791763,0.026315789
Cygnus olor,17,0.508923102,0.010638298
Cygnus olor,18,0.58137396,0.020833333
Cygnus olor,19,0.142377296,0
Cygnus olor,20,0.498320537,0
Cygnus olor,21,0,0
Gopherus agassizii,1,0.35918,0
Gopherus agassizii,2,0.362301868,0
Gopherus agassizii,3,0.36615866,0
Gopherus agassizii,4,0.37012552,0
Gopherus agassizii,5,0.373987556,0
Gopherus agassizii,6,0.377954778,0
Gopherus agassizii,7,0.382025489,0
Gopherus agassizii,8,0.385934314,0
Gopherus agassizii,9,0.389982706,0
Gopherus agassizii,10,0.393868522,0
Gopherus agassizii,11,0.398342609,0
Gopherus agassizii,12,0.404894751,0.28878072
Gopherus agassizii,13,0.410871712,0.33475576
Gopherus agassizii,14,0.416941219,0.57037784
Gopherus agassizii,15,0.422839624,0.83365678
Gopherus agassizii,16,0.426895678,0.92991702
Gopherus agassizii,17,0.430987076,1.10483768
Gopherus agassizii,18,0.43403435,1.17954712
Gopherus agassizii,19,0.435807324,1.2122325
Gopherus agassizii,20,0.437735965,1.32106404
Gopherus agassizii,21,0.439210151,1.34297402
Gopherus agassizii,22,0.439999601,1.3792512
Gopherus agassizii,23,0.440787394,1.39254086
Gopherus agassizii,24,0.441203402,1.4043938
Gopherus agassizii,25,0.441826898,1.41624674
Gopherus agassizii,26,0.442313258,1.42702214
Gopherus agassizii,27,0.442602899,1.43779754
Gopherus agassizii,28,0.443477937,1.44821376
Gopherus agassizii,29,0.443712752,1.45970752
Gopherus agassizii,30,0.444082274,1.46976456
Gopherus agassizii,31,0.444606917,1.47946242
Gopherus agassizii,32,0.444774756,1.48916028
Gopherus agassizii,33,0.445615635,1.49885814
Gopherus agassizii,34,0.445486725,1.508556
Gopherus agassizii,35,0.446034773,1.5175355
Gopherus agassizii,36,0.446743933,1.526515
Gopherus agassizii,37,0.446243899,1.5354945
Gopherus agassizii,38,0.447188305,1.544474
Gopherus agassizii,39,0.44757634,1.55309432
Gopherus agassizii,40,0.448080686,1.56171464
Gopherus agassizii,41,0.447869065,1.56997578
Gopherus agassizii,42,0.448564226,1.5785961
Gopherus agassizii,43,0.448483637,1.58685724
Gopherus agassizii,44,0.449412174,1.5947592
Gopherus agassizii,45,0.448483637,1.60266116
Gopherus agassizii,46,0.44959746,1.61020394
Gopherus agassizii,47,0.449799431,1.6181059
Gopherus agassizii,48,0.450069505,1.62564868
Gopherus agassizii,49,0.450415091,1.63283228
Gopherus agassizii,50,0.450843774,1.64001588
Gopherus agassizii,51,0.450043371,1.64719948
Gopherus agassizii,52,0.451928211,1.65438308
Gopherus agassizii,53,0.451218293,1.66084832
Gopherus agassizii,54,0.450449778,1.66767274
Gopherus agassizii,55,0.452726623,1.67413798
Gopherus agassizii,56,0.450465155,1.6809624
Gopherus agassizii,57,0.452999857,1.68778682
Gopherus agassizii,58,0.452373829,1.69389288
Gopherus agassizii,59,0.451699459,1.70035812
Gopherus agassizii,60,0.452857831,1.70646418
Gopherus agassizii,61,0.452221,1.71257024
Gopherus agassizii,62,0.453568485,1.71831712
Gopherus agassizii,63,0.452984754,1.72370482
Gopherus agassizii,64,0.454542884,1.7294517
Gopherus agassizii,65,0.451769231,1.7348394
Gopherus agassizii,66,0.4533956,1.7402271
Gopherus agassizii,67,0.455233575,1.74525562
Gopherus agassizii,68,0.452252406,1.75064332
Gopherus agassizii,69,0.454178667,1.7563902
Gopherus agassizii,70,0.456338851,1.76105954
Gopherus agassizii,71,0.45315929,1.76608806
Gopherus agassizii,72,0.45542773,1.7707574
Gopherus agassizii,73,0.454971645,1.77578592
Gopherus agassizii,74,0.454485751,1.7797369
Homo sapiens (Japan2009Female),1,0.99753,0
Homo sapiens (Japan2009Female),2,0.99770994,0
Homo sapiens (Japan2009Female),3,0.997719916,0
Homo sapiens (Japan2009Female),4,0.997769925,0
Homo sapiens (Japan2009Female),5,0.997749897,0
Homo sapiens (Japan2009Female),6,0.997779908,0
Homo sapiens (Japan2009Female),7,0.997809949,0
Homo sapiens (Japan2009Female),8,0.997809949,0
Homo sapiens (Japan2009Female),9,0.997809949,0
Homo sapiens (Japan2009Female),10,0.99779987,0
Homo sapiens (Japan2009Female),11,0.997839985,0
Homo sapiens (Japan2009Female),12,0.99779987,0
Homo sapiens (Japan2009Female),13,0.99779987,0
Homo sapiens (Japan2009Female),14,0.997809849,0
Homo sapiens (Japan2009Female),15,0.997769825,0.005024
Homo sapiens (Japan2009Female),16,0.99774978,0.005024
Homo sapiens (Japan2009Female),17,0.99770969,0.005024
Homo sapiens (Japan2009Female),18,0.99770966,0.005024
Homo sapiens (Japan2009Female),19,0.997659522,0.005024
Homo sapiens (Japan2009Female),20,0.99759933,0.036118
Homo sapiens (Japan2009Female),21,0.997619305,0.036118
Homo sapiens (Japan2009Female),22,0.997589149,0.036118
Homo sapiens (Japan2009Female),23,0.997579031,0.036118
Homo sapiens (Japan2009Female),24,0.997609047,0.036118
Homo sapiens (Japan2009Female),25,0.997568821,0.085475
Homo sapiens (Japan2009Female),26,0.99752856,0.085475
Homo sapiens (Japan2009Female),27,0.997568615,0.085475
Homo sapiens (Japan2009Female),28,0.997548421,0.085475
Homo sapiens (Japan2009Female),29,0.997518158,0.085475
Homo sapiens (Japan2009Female),30,0.997568301,0.090172
Homo sapiens (Japan2009Female),31,0.997477682,0.090172
Homo sapiens (Japan2009Female),32,0.997467457,0.090172
Homo sapiens (Japan2009Female),33,0.997477353,0.090172
Homo sapiens (Japan2009Female),34,0.99742684,0.090172
Homo sapiens (Japan2009Female),35,0.997376259,0.040886
Homo sapiens (Japan2009Female),36,0.997386085,0.040886
Homo sapiens (Japan2009Female),37,0.997274907,0.040886
Homo sapiens (Japan2009Female),38,0.997244267,0.040886
Homo sapiens (Japan2009Female),39,0.997203471,0.040886
Homo sapiens (Japan2009Female),40,0.997192908,0.006172
Homo sapiens (Japan2009Female),41,0.997050876,0.006172
Homo sapiens (Japan2009Female),42,0.997040067,0.006172
Homo sapiens (Japan2009Female),43,0.996998847,0.006172
Homo sapiens (Japan2009Female),44,0.9968156,0.006172
Homo sapiens (Japan2009Female),45,0.996784019,0.000153
Homo sapiens (Japan2009Female),46,0.996691382,0.000153
Homo sapiens (Japan2009Female),47,0.996618766,0.000153
Homo sapiens (Japan2009Female),48,0.996515329,0.000153
Homo sapiens (Japan2009Female),49,0.996309499,0.000153
Homo sapiens (Japan2009Female),50,0.996286595,0
Homo sapiens (Japan2009Female),51,0.996079437,0
Homo sapiens (Japan2009Female),52,0.995973693,0
Homo sapiens (Japan2009Female),53,0.995826284,0
Homo sapiens (Japan2009Female),54,0.995677992,0
Homo sapiens (Japan2009Female),55,0.995590622,0
Homo sapiens (Japan2009Female),56,0.995347624,0
Homo sapiens (Japan2009Female),57,0.995247919,0
Homo sapiens (Japan2009Female),58,0.994991599,0
Homo sapiens (Japan2009Female),59,0.994722713,0
Homo sapiens (Japan2009Female),60,0.994514081,0
Homo sapiens (Japan2009Female),61,0.994030705,0
Homo sapiens (Japan2009Female),62,0.993784157,0
Homo sapiens (Japan2009Female),63,0.994190178,0
Homo sapiens (Japan2009Female),64,0.993401823,0
Homo sapiens (Japan2009Female),65,0.992912612,0
Homo sapiens (Japan2009Female),66,0.992673502,0
Homo sapiens (Japan2009Female),67,0.99193543,0
Homo sapiens (Japan2009Female),68,0.991423123,0
Homo sapiens (Japan2009Female),69,0.990901284,0
Homo sapiens (Japan2009Female),70,0.990390932,0
Homo sapiens (Japan2009Female),71,0.989050869,0
Homo sapiens (Japan2009Female),72,0.988235304,0
Homo sapiens (Japan2009Female),73,0.986901279,0
Homo sapiens (Japan2009Female),74,0.986038331,0
Homo sapiens (Japan2009Female),75,0.98418908,0
Homo sapiens (Japan2009Female),76,0.982033952,0
Homo sapiens (Japan2009Female),77,0.980197796,0
Homo sapiens (Japan2009Female),78,0.977556085,0
Homo sapiens (Japan2009Female),79,0.975639301,0
Homo sapiens (Japan2009Female),80,0.971204188,0
Homo sapiens (Japan2009Female),81,0.968511886,0
Homo sapiens (Japan2009Female),82,0.963930954,0
Homo sapiens (Japan2009Female),83,0.959385538,0
Homo sapiens (Japan2009Female),84,0.953277024,0
Homo sapiens (Japan2009Female),85,0.946834577,0
Homo sapiens (Japan2009Female),86,0.939333471,0
Homo sapiens (Japan2009Female),87,0.930554865,0
Homo sapiens (Japan2009Female),88,0.921504155,0
Homo sapiens (Japan2009Female),89,0.909315407,0
Homo sapiens (Japan2009Female),90,0.903936333,0
Homo sapiens (Japan2009Female),91,0.889211986,0
Homo sapiens (Japan2009Female),92,0.875825432,0
Homo sapiens (Japan2009Female),93,0.858360721,0
Homo sapiens (Japan2009Female),94,0.844292148,0
Homo sapiens (Japan2009Female),95,0.828821305,0
Homo sapiens (Japan2009Female),96,0.810454288,0
Homo sapiens (Japan2009Female),97,0.790972283,0
Homo sapiens (Japan2009Female),98,0.770383637,0
Homo sapiens (Japan2009Female),99,0.748864592,0
Homo sapiens (Japan2009Female),100,0.726636482,0
Homo sapiens (Japan2009Female),101,0.703766054,0
Homo sapiens (Japan2009Female),102,0.680456128,0
Homo sapiens (Japan2009Female),103,0.656924854,0
Homo sapiens (Japan2009Female),104,0.634112159,0
Homo sapiens (Japan2009Female),105,0.6110407,0
Homo sapiens (Japan2009Female),106,0.588224,0
Homo sapiens (Japan2009Female),107,0.565125919,0
Homo sapiens (Japan2009Female),108,0.548384505,0
Homo sapiens (Japan2009Female),109,0.523478033,0
Homo sapiens (Sweden1891Female),1,0.87407,0
Homo sapiens (Sweden1891Female),2,0.884942217,0
Homo sapiens (Sweden1891Female),3,0.889229025,0
Homo sapiens (Sweden1891Female),4,0.891996143,0
Homo sapiens (Sweden1891Female),5,0.894279957,0
Homo sapiens (Sweden1891Female),6,0.896384986,0
Homo sapiens (Sweden1891Female),7,0.897396003,0
Homo sapiens (Sweden1891Female),8,0.898238452,0
Homo sapiens (Sweden1891Female),9,0.898693998,0
Homo sapiens (Sweden1891Female),10,0.898798322,0
Homo sapiens (Sweden1891Female),11,0.899364598,0
Homo sapiens (Sweden1891Female),12,0.899498108,0
Homo sapiens (Sweden1891Female),13,0.899610524,2.00E-05
Homo sapiens (Sweden1891Female),14,0.899383545,2.00E-05
Homo sapiens (Sweden1891Female),15,0.898903331,0.00046
Homo sapiens (Sweden1891Female),16,0.898794948,0.0021
Homo sapiens (Sweden1891Female),17,0.898731199,0.00636
Homo sapiens (Sweden1891Female),18,0.89845877,0.01557
Homo sapiens (Sweden1891Female),19,0.897822793,0.03365
Homo sapiens (Sweden1891Female),20,0.898355463,0.06042
Homo sapiens (Sweden1891Female),21,0.897946568,0.08219
Homo sapiens (Sweden1891Female),22,0.898097303,0.10817
Homo sapiens (Sweden1891Female),23,0.897610543,0.12756
Homo sapiens (Sweden1891Female),24,0.897723705,0.1547
Homo sapiens (Sweden1891Female),25,0.897275534,0.17495
Homo sapiens (Sweden1891Female),26,0.897205458,0.18846
Homo sapiens (Sweden1891Female),27,0.897231382,0.19945
Homo sapiens (Sweden1891Female),28,0.897502243,0.2032
Homo sapiens (Sweden1891Female),29,0.896930599,0.21127
Homo sapiens (Sweden1891Female),30,0.897263244,0.22218
Homo sapiens (Sweden1891Female),31,0.897055038,0.21155
Homo sapiens (Sweden1891Female),32,0.896717899,0.21136
Homo sapiens (Sweden1891Female),33,0.89642469,0.20766
Homo sapiens (Sweden1891Female),34,0.897001501,0.19658
Homo sapiens (Sweden1891Female),35,0.896376452,0.20079
Homo sapiens (Sweden1891Female),36,0.896909596,0.19402
Homo sapiens (Sweden1891Female),37,0.896767428,0.19093
Homo sapiens (Sweden1891Female),38,0.89632278,0.16862
Homo sapiens (Sweden1891Female),39,0.89466078,0.16557
Homo sapiens (Sweden1891Female),40,0.896124164,0.15171
Homo sapiens (Sweden1891Female),41,0.894859664,0.12601
Homo sapiens (Sweden1891Female),42,0.895584058,0.10431
Homo sapiens (Sweden1891Female),43,0.896422189,0.08399
Homo sapiens (Sweden1891Female),44,0.894189135,0.05696
Homo sapiens (Sweden1891Female),45,0.895100395,0.03564
Homo sapiens (Sweden1891Female),46,0.895076107,0.02068
Homo sapiens (Sweden1891Female),47,0.89463044,0.00963
Homo sapiens (Sweden1891Female),48,0.894981182,0.00555
Homo sapiens (Sweden1891Female),49,0.895441992,0.00183
Homo sapiens (Sweden1891Female),50,0.893954802,0.00097
Homo sapiens (Sweden1891Female),51,0.893372595,0
Homo sapiens (Sweden1891Female),52,0.893464539,0
Homo sapiens (Sweden1891Female),53,0.892416008,0
Homo sapiens (Sweden1891Female),54,0.893107316,0
Homo sapiens (Sweden1891Female),55,0.891619302,0
Homo sapiens (Sweden1891Female),56,0.891202354,0
Homo sapiens (Sweden1891Female),57,0.890209897,0
Homo sapiens (Sweden1891Female),58,0.888988724,0
Homo sapiens (Sweden1891Female),59,0.888453374,0
Homo sapiens (Sweden1891Female),60,0.886623305,0
Homo sapiens (Sweden1891Female),61,0.884634202,0
Homo sapiens (Sweden1891Female),62,0.882379921,0
Homo sapiens (Sweden1891Female),63,0.884075821,0
Homo sapiens (Sweden1891Female),64,0.880403117,0
Homo sapiens (Sweden1891Female),65,0.877872422,0
Homo sapiens (Sweden1891Female),66,0.873709916,0
Homo sapiens (Sweden1891Female),67,0.8717578,0
Homo sapiens (Sweden1891Female),68,0.87005357,0
Homo sapiens (Sweden1891Female),69,0.863844817,0
Homo sapiens (Sweden1891Female),70,0.861872304,0
Homo sapiens (Sweden1891Female),71,0.860361049,0
Homo sapiens (Sweden1891Female),72,0.850550667,0
Homo sapiens (Sweden1891Female),73,0.847089379,0
Homo sapiens (Sweden1891Female),74,0.83997761,0
Homo sapiens (Sweden1891Female),75,0.835772932,0
Homo sapiens (Sweden1891Female),76,0.832401286,0
Homo sapiens (Sweden1891Female),77,0.823191934,0
Homo sapiens (Sweden1891Female),78,0.810174209,0
Homo sapiens (Sweden1891Female),79,0.807216081,0
Homo sapiens (Sweden1891Female),80,0.792746818,0
Homo sapiens (Sweden1891Female),81,0.792416727,0
Homo sapiens (Sweden1891Female),82,0.784323255,0
Homo sapiens (Sweden1891Female),83,0.767537709,0
Homo sapiens (Sweden1891Female),84,0.754049177,0
Homo sapiens (Sweden1891Female),85,0.733876499,0
Homo sapiens (Sweden1891Female),86,0.71995253,0
Homo sapiens (Sweden1891Female),87,0.709926014,0
Homo sapiens (Sweden1891Female),88,0.686227533,0
Homo sapiens (Sweden1891Female),89,0.683573359,0
Homo sapiens (Sweden1891Female),90,0.65448951,0
Homo sapiens (Sweden1891Female),91,0.636400468,0
Homo sapiens (Sweden1891Female),92,0.617903818,0
Homo sapiens (Sweden1891Female),93,0.599642621,0
Homo sapiens (Sweden1891Female),94,0.580875975,0
Homo sapiens (Sweden1891Female),95,0.562576034,0
Homo sapiens (Sweden1891Female),96,0.545956008,0
Homo sapiens (Sweden1891Female),97,0.525152353,0
Homo sapiens (Sweden1891Female),98,0.507185393,0
Homo sapiens (Sweden1891Female),99,0.5055624,0
Homo sapiens (Sweden1891Female),100,0.4836375,0
Homo sapiens (Sweden1891Female),101,0.421302,0
Homo sapiens (Sweden1891Female),102,0.51588,0
Homo sapiens (Sweden1891Female),103,0.451395,0
Homo sapiens (Sweden1891Female),104,0.451395,0
Homo sapiens (Sweden1891Female),105,0,0
Lacerta vivipara,1,0.1334,0
Lacerta vivipara,2,0.1311,0.021344
Lacerta vivipara,3,0.1081,0.104052
Lacerta vivipara,4,0.0851,0.105386
Lacerta vivipara,5,0.1104,0.09338
Lacerta vivipara,6,0.0966,0.096048
Marmota flaviventris,1,0.224299065,0
Marmota flaviventris,2,0.339515187,0.057291667
Marmota flaviventris,3,0.390036177,0.129032258
Marmota flaviventris,4,0.399989842,0.206521739
Marmota flaviventris,5,0.420560748,0.214285714
Marmota flaviventris,6,0.319175567,0.214285714
Marmota flaviventris,7,0.463853766,0.147058824
Marmota flaviventris,8,0.35046729,0.266666667
Marmota flaviventris,9,0.367990654,0.15
Marmota flaviventris,10,0.300400534,0.285714286
Marmota flaviventris,11,0,0.125
Microtus oeconomus,3,0.628571429,0.333771429
Microtus oeconomus,6,0.56998557,0.414228571
Microtus oeconomus,9,0.511619048,0.741714286
Microtus oeconomus,12,0.376190476,0.240114286
Microtus oeconomus,15,0.531092437,0.757428571
Microtus oeconomus,18,0.626984127,0.602171429
Microtus oeconomus,21,0.601904762,0.125714286
Microtus oeconomus,24,0.376190476,0
Microtus oeconomus,27,0,0
Orcinus orca,1,0.942731727,0
Orcinus orca,2,0.944299531,0
Orcinus orca,3,0.945892707,0
Orcinus orca,4,0.945964231,0
Orcinus orca,5,0.948966333,0
Orcinus orca,6,0.951932345,0
Orcinus orca,7,0.952037996,0
Orcinus orca,8,0.951916699,0
Orcinus orca,9,0.956825534,0
Orcinus orca,10,0.961922007,0
Orcinus orca,11,0.961772057,0.058920733
Orcinus orca,12,0.961864652,0.055715445
Orcinus orca,13,0.961712728,0.116427368
Orcinus orca,14,0.96452963,0.09983529
Orcinus orca,15,0.967129441,0.10398331
Orcinus orca,16,0.967129441,0.078623826
Orcinus orca,17,0.967129441,0.124157768
Orcinus orca,18,0.967129441,0.108979788
Orcinus orca,19,0.967129441,0.102663485
Orcinus orca,20,0.965391562,0.100023836
Orcinus orca,25,0.950092443,0.087768324
Orcinus orca,30,0.946495658,0.070233514
Orcinus orca,35,0.915649232,0.056658177
Orcinus orca,40,0.909202773,0.036106625
Orcinus orca,45,0.852178368,0.017440537
Orcinus orca,50,0.848712159,0.006881942
Orcinus orca,55,0.818658345,0.002451102
Orcinus orca,60,0.80305491,0.000848459
Orcinus orca,65,0.676749962,0
Orcinus orca,70,0.676341015,0
Orcinus orca,75,0.676444208,0
Orcinus orca,80,0.676521887,0
Orcinus orca,85,0.350668181,0
Orcinus orca,90,0,0
Ovis aries,1,0.358627859,0.294183445
Ovis aries,2,0.410783693,0.423188406
Ovis aries,3,0.426570328,0.519672131
Ovis aries,4,0.419850757,0.482142857
Ovis aries,5,0.387520235,0.466403162
Ovis aries,6,0.391985496,0.490521327
Ovis aries,7,0.368070966,0.491573034
Ovis aries,8,0.299884991,0.365248227
Ovis aries,9,0.291048868,0.346153846
Ovis aries,10,0.228252544,0.280701754
Ovis aries,11,0.31530294,0.125
Ovis aries,12,0.269011927,0.131578947
Ovis aries,13,0.337932338,0.045454545
Ovis aries,14,0.232328482,0
Ovis aries,15,0.116164241,0
Ovis aries,16,0,0
Pan troglodytes,1,0.72,0
Pan troglodytes,2,0.740277778,0
Pan troglodytes,3,0.782153846,0
Pan troglodytes,4,0.793548387,0
Pan troglodytes,5,0.738,0
Pan troglodytes,6,0.774444444,0
Pan troglodytes,7,0.803921569,0
Pan troglodytes,8,0.7872,0.009928319
Pan troglodytes,9,0.76875,0.028379452
Pan troglodytes,10,0.783555556,0.052025094
Pan troglodytes,11,0.82,0.077728933
Pan troglodytes,12,0.800930233,0.102354656
Pan troglodytes,13,0.80047619,0.122845825
Pan troglodytes,14,0.82,0.137982998
Pan troglodytes,15,0.78,0.148383738
Pan troglodytes,16,0.82,0.154745476
Pan troglodytes,17,0.798974359,0.157765645
Pan troglodytes,18,0.755263158,0.158148317
Pan troglodytes,19,0.773142857,0.156750338
Pan troglodytes,20,0.77030303,0.154581322
Pan troglodytes,21,0.82,0.152657523
Pan troglodytes,22,0.767096774,0.151995197
Pan troglodytes,23,0.82,0.153558325
Pan troglodytes,24,0.735172414,0.157108493
Pan troglodytes,25,0.82,0.1612049
Pan troglodytes,26,0.788461539,0.164354466
Pan troglodytes,27,0.7216,0.165064111
Pan troglodytes,28,0.745454545,0.161905866
Pan troglodytes,29,0.779,0.154949273
Pan troglodytes,30,0.690526316,0.145761392
Pan troglodytes,31,0.82,0.13597439
Pan troglodytes,32,0.76875,0.127220437
Pan troglodytes,33,0.710666667,0.121075826
Pan troglodytes,34,0.756923077,0.117831824
Pan troglodytes,35,0.82,0.116494658
Pan troglodytes,36,0.683333333,0.116014687
Pan troglodytes,37,0.82,0.11534227
Pan troglodytes,38,0.82,0.11345252
Pan troglodytes,39,0.574,0.109889914
Pan troglodytes,40,0.82,0.104768293
Pan troglodytes,41,0.82,0.098226252
Pan troglodytes,42,0.702857143,0.090402389
Pan troglodytes,43,0.683333333,0.081449752
Pan troglodytes,44,0.82,0.071853854
Pan troglodytes,45,0.328,0.062432669
Pan troglodytes,46,0.41,0.054018626
Pan troglodytes,47,0.82,0.047444151
Pan troglodytes,48,0.82,0.04346222
Pan troglodytes,49,0.82,0.040998375
Pan troglodytes,50,0.82,0.037150725
Pan troglodytes,51,0.82,0
Pan troglodytes,52,0.82,0
Pan troglodytes,53,0.82,0
Pan troglodytes,54,0.82,0
Panthera leo,1,0.39550533,0
Panthera leo,2,0.42333956,0.020961782
Panthera leo,3,0.44970909,0.249168358
Panthera leo,5,0.449845586,0.415280596
Panthera leo,6,0.438873826,0.387595223
Panthera leo,7,0.449650077,0.33617953
Panthera leo,8,0.443738063,0.355954797
Panthera leo,9,0.426681489,0.37177501
Panthera leo,10,0.43742492,0.316404264
Panthera leo,11,0.400319864,0.435055863
Panthera leo,12,0.396751044,0.32431437
Panthera leo,13,0.349846717,0.233348145
Panthera leo,14,0.33851591,0.32431437
Panthera leo,15,0.303162316,0.138426865
Panthera leo,16,0.205228124,0.039550533
Panthera leo,17,0.163756639,0.158202132
Panthera leo,18,0.025030757,0
Papio cynocephalus,1,0.791,0
Papio cynocephalus,2,0.8884,0
Papio cynocephalus,3,0.9366,0
Papio cynocephalus,4,0.9688,0
Papio cynocephalus,5,0.9529,0.1013271
Papio cynocephalus,6,0.9439,0.2150729
Papio cynocephalus,7,0.9482,0.2172877
Papio cynocephalus,8,0.9483,0.2087449
Papio cynocephalus,9,0.9427,0.204869
Papio cynocephalus,10,0.9233,0.176393
Papio cynocephalus,11,0.891,0.1562225
Papio cynocephalus,12,0.8943,0.1821673
Papio cynocephalus,13,0.9419,0.2062137
Papio cynocephalus,14,0.916,0.2047108
Papio cynocephalus,15,0.8701,0.2240903
Papio cynocephalus,16,0.8731,0.2373
Papio cynocephalus,17,0.788,0.2093777
Papio cynocephalus,18,0.6329,0.1710142
Papio cynocephalus,19,0.9278,0.1924503
Papio cynocephalus,20,0.8648,0.1449112
Papio cynocephalus,21,0.7455,0.1891281
Papio cynocephalus,22,0.5517,0.2536737
Papio cynocephalus,23,0.609,0.1029882
Papio cynocephalus,24,0.4174,0.1691158
Papio cynocephalus,25,0.3796,0
Papio cynocephalus,26,0.5,0
Papio cynocephalus,27,0,0
Parus major,1,0.299459622,0.169811321
Parus major,2,0.318709262,0.189473684
Parus major,3,0.305926175,0.192093541
Parus major,4,0.29380244,0.179123711
Parus major,5,0.206696551,0.183229814
Parus major,6,0.180777608,0.095744681
Parus major,7,0.177011408,0.125
Parus major,8,0,0
Rupicapra rupicapra,1,0.773333333,0.02552
Rupicapra rupicapra,2,0.772413793,0.150026667
Rupicapra rupicapra,3,0.642857143,0.286906667
Rupicapra rupicapra,4,0.515555556,0.362693333
Rupicapra rupicapra,5,0.413793103,0.282266667
Rupicapra rupicapra,6,0.373333333,0.325573333
Rupicapra rupicapra,7,0.228571429,0.32248
Rupicapra rupicapra,8,0.28,0.067666667
Rupicapra rupicapra,9,0.228571429,0.067666667
Rupicapra rupicapra,10,0,0.067666667
