"species","Model_Code","Metric_Code","Trait_Code","pct_change","Model","Metric"
"Accipiter nisus","NoPeak","Mean","Lifespan",-0.500428662486596,"No-senescence-peak","Mean Lifespan"
"Accipiter nisus","NoPeak","Var","Lifespan",-5.44958510211277,"No-senescence-peak","Variance Lifespan"
"Accipiter nisus","NoPeak","Skew","Lifespan",-10.8060019538579,"No-senescence-peak","Skewness Lifespan"
"Accipiter nisus","NoEarly","Mean","Lifespan",-0.511054083104387,"No-senescence-early","Mean Lifespan"
"Accipiter nisus","NoEarly","Var","Lifespan",-11.7418711181264,"No-senescence-early","Variance Lifespan"
"Accipiter nisus","NoEarly","Skew","Lifespan",-32.1227931112594,"No-senescence-early","Skewness Lifespan"
"Accipiter nisus","NoLate","Mean","Lifespan",-0.0932634677371421,"No-senescence-late","Mean Lifespan"
"Accipiter nisus","NoLate","Var","Lifespan",-1.02858324163896,"No-senescence-late","Variance Lifespan"
"Accipiter nisus","NoLate","Skew","Lifespan",-2.16546334262395,"No-senescence-late","Skewness Lifespan"
"Accipiter nisus","NoPeak","Mean","LRO",-1.85943165538718,"No-senescence-peak","Mean LRO"
"Accipiter nisus","NoPeak","Var","LRO",-12.1984120258039,"No-senescence-peak","Variance LRO"
"Accipiter nisus","NoPeak","Skew","LRO",-15.6775392904354,"No-senescence-peak","Skewness LRO"
"Accipiter nisus","NoEarly","Mean","LRO",3.26060327674093,"No-senescence-early","Mean LRO"
"Accipiter nisus","NoEarly","Var","LRO",2.95009024836996,"No-senescence-early","Variance LRO"
"Accipiter nisus","NoEarly","Skew","LRO",-29.1858497646395,"No-senescence-early","Skewness LRO"
"Accipiter nisus","NoLate","Mean","LRO",-0.561060522048927,"No-senescence-late","Mean LRO"
"Accipiter nisus","NoLate","Var","LRO",-3.34832081463324,"No-senescence-late","Variance LRO"
"Accipiter nisus","NoLate","Skew","LRO",-3.73933051833224,"No-senescence-late","Skewness LRO"
"Capreolus capreolus","NoPeak","Mean","Lifespan",-1.56104180574278,"No-senescence-peak","Mean Lifespan"
"Capreolus capreolus","NoPeak","Var","Lifespan",-105.254079673186,"No-senescence-peak","Variance Lifespan"
"Capreolus capreolus","NoPeak","Skew","Lifespan",-746.662851936729,"No-senescence-peak","Skewness Lifespan"
"Capreolus capreolus","NoEarly","Mean","Lifespan",-1.56104180574278,"No-senescence-early","Mean Lifespan"
"Capreolus capreolus","NoEarly","Var","Lifespan",-105.254079673186,"No-senescence-early","Variance Lifespan"
"Capreolus capreolus","NoEarly","Skew","Lifespan",-746.662851936729,"No-senescence-early","Skewness Lifespan"
"Capreolus capreolus","NoLate","Mean","Lifespan",0,"No-senescence-late","Mean Lifespan"
"Capreolus capreolus","NoLate","Var","Lifespan",0,"No-senescence-late","Variance Lifespan"
"Capreolus capreolus","NoLate","Skew","Lifespan",0,"No-senescence-late","Skewness Lifespan"
"Capreolus capreolus","NoPeak","Mean","LRO",-6.48760330578518,"No-senescence-peak","Mean LRO"
"Capreolus capreolus","NoPeak","Var","LRO",-89.0147255975794,"No-senescence-peak","Variance LRO"
"Capreolus capreolus","NoPeak","Skew","LRO",-138.552580695123,"No-senescence-peak","Skewness LRO"
"Capreolus capreolus","NoEarly","Mean","LRO",-6.48760330578518,"No-senescence-early","Mean LRO"
"Capreolus capreolus","NoEarly","Var","LRO",-89.0147255975794,"No-senescence-early","Variance LRO"
"Capreolus capreolus","NoEarly","Skew","LRO",-138.552580695123,"No-senescence-early","Skewness LRO"
"Capreolus capreolus","NoLate","Mean","LRO",0,"No-senescence-late","Mean LRO"
"Capreolus capreolus","NoLate","Var","LRO",0,"No-senescence-late","Variance LRO"
"Capreolus capreolus","NoLate","Skew","LRO",0,"No-senescence-late","Skewness LRO"
"Cervus elaphus","NoPeak","Mean","Lifespan",-3.41249291715731,"No-senescence-peak","Mean Lifespan"
"Cervus elaphus","NoPeak","Var","Lifespan",-49.6088331965172,"No-senescence-peak","Variance Lifespan"
"Cervus elaphus","NoPeak","Skew","Lifespan",-365.265585974409,"No-senescence-peak","Skewness Lifespan"
"Cervus elaphus","NoEarly","Mean","Lifespan",-2.57605304881313,"No-senescence-early","Mean Lifespan"
"Cervus elaphus","NoEarly","Var","Lifespan",-77.6175306510414,"No-senescence-early","Variance Lifespan"
"Cervus elaphus","NoEarly","Skew","Lifespan",-513.455938110153,"No-senescence-early","Skewness Lifespan"
"Cervus elaphus","NoLate","Mean","Lifespan",-0.232113047206254,"No-senescence-late","Mean Lifespan"
"Cervus elaphus","NoLate","Var","Lifespan",-2.08241361276016,"No-senescence-late","Variance Lifespan"
"Cervus elaphus","NoLate","Skew","Lifespan",-20.2912139561633,"No-senescence-late","Skewness Lifespan"
"Cervus elaphus","NoPeak","Mean","LRO",-8.21066015058508,"No-senescence-peak","Mean LRO"
"Cervus elaphus","NoPeak","Var","LRO",-29.9692069275585,"No-senescence-peak","Variance LRO"
"Cervus elaphus","NoPeak","Skew","LRO",-22.7930987527738,"No-senescence-peak","Skewness LRO"
"Cervus elaphus","NoEarly","Mean","LRO",-4.49131087428964,"No-senescence-early","Mean LRO"
"Cervus elaphus","NoEarly","Var","LRO",-34.8252233097338,"No-senescence-early","Variance LRO"
"Cervus elaphus","NoEarly","Skew","LRO",-36.0303992365221,"No-senescence-early","Skewness LRO"
"Cervus elaphus","NoLate","Mean","LRO",-0.949072638173845,"No-senescence-late","Mean LRO"
"Cervus elaphus","NoLate","Var","LRO",-1.78927199653389,"No-senescence-late","Variance LRO"
"Cervus elaphus","NoLate","Skew","LRO",-0.357012573638837,"No-senescence-late","Skewness LRO"
"Crocodylus johnsoni","NoPeak","Mean","Lifespan",0,"No-senescence-peak","Mean Lifespan"
"Crocodylus johnsoni","NoPeak","Var","Lifespan",0,"No-senescence-peak","Variance Lifespan"
"Crocodylus johnsoni","NoPeak","Skew","Lifespan",0,"No-senescence-peak","Skewness Lifespan"
"Crocodylus johnsoni","NoEarly","Mean","Lifespan",-1.04596720635709,"No-senescence-early","Mean Lifespan"
"Crocodylus johnsoni","NoEarly","Var","Lifespan",-5.28917302351304,"No-senescence-early","Variance Lifespan"
"Crocodylus johnsoni","NoEarly","Skew","Lifespan",-3.86180588224027,"No-senescence-early","Skewness Lifespan"
"Crocodylus johnsoni","NoLate","Mean","Lifespan",0,"No-senescence-late","Mean Lifespan"
"Crocodylus johnsoni","NoLate","Var","Lifespan",0,"No-senescence-late","Variance Lifespan"
"Crocodylus johnsoni","NoLate","Skew","Lifespan",0,"No-senescence-late","Skewness Lifespan"
"Crocodylus johnsoni","NoPeak","Mean","LRO",0,"No-senescence-peak","Mean LRO"
"Crocodylus johnsoni","NoPeak","Var","LRO",0,"No-senescence-peak","Variance LRO"
"Crocodylus johnsoni","NoPeak","Skew","LRO",0,"No-senescence-peak","Skewness LRO"
"Crocodylus johnsoni","NoEarly","Mean","LRO",-3.94953071125151,"No-senescence-early","Mean LRO"
"Crocodylus johnsoni","NoEarly","Var","LRO",-0.0630421164654262,"No-senescence-early","Variance LRO"
"Crocodylus johnsoni","NoEarly","Skew","LRO",4.00317031468942,"No-senescence-early","Skewness LRO"
"Crocodylus johnsoni","NoLate","Mean","LRO",0,"No-senescence-late","Mean LRO"
"Crocodylus johnsoni","NoLate","Var","LRO",0,"No-senescence-late","Variance LRO"
"Crocodylus johnsoni","NoLate","Skew","LRO",0,"No-senescence-late","Skewness LRO"
"Cygnus olor","NoPeak","Mean","Lifespan",-0.047587417712148,"No-senescence-peak","Mean Lifespan"
"Cygnus olor","NoPeak","Var","Lifespan",-7.95320981724209,"No-senescence-peak","Variance Lifespan"
"Cygnus olor","NoPeak","Skew","Lifespan",-35.8276840807432,"No-senescence-peak","Skewness Lifespan"
"Cygnus olor","NoEarly","Mean","Lifespan",-0.5599333199628,"No-senescence-early","Mean Lifespan"
"Cygnus olor","NoEarly","Var","Lifespan",-12.6502314686485,"No-senescence-early","Variance Lifespan"
"Cygnus olor","NoEarly","Skew","Lifespan",-42.1557634557778,"No-senescence-early","Skewness Lifespan"
"Cygnus olor","NoLate","Mean","Lifespan",-0.180559915100976,"No-senescence-late","Mean Lifespan"
"Cygnus olor","NoLate","Var","Lifespan",-2.16279149920989,"No-senescence-late","Variance Lifespan"
"Cygnus olor","NoLate","Skew","Lifespan",-6.58092928018187,"No-senescence-late","Skewness Lifespan"
"Cygnus olor","NoPeak","Mean","LRO",-2.18783877007981,"No-senescence-peak","Mean LRO"
"Cygnus olor","NoPeak","Var","LRO",-6.6298353430845,"No-senescence-peak","Variance LRO"
"Cygnus olor","NoPeak","Skew","LRO",-5.05504985220262,"No-senescence-peak","Skewness LRO"
"Cygnus olor","NoEarly","Mean","LRO",2.4378677389309,"No-senescence-early","Mean LRO"
"Cygnus olor","NoEarly","Var","LRO",-0.458263687913397,"No-senescence-early","Variance LRO"
"Cygnus olor","NoEarly","Skew","LRO",-6.2199638413719,"No-senescence-early","Skewness LRO"
"Cygnus olor","NoLate","Mean","LRO",-1.35411746181703,"No-senescence-late","Mean LRO"
"Cygnus olor","NoLate","Var","LRO",-2.32909193429842,"No-senescence-late","Variance LRO"
"Cygnus olor","NoLate","Skew","LRO",-0.437116026031719,"No-senescence-late","Skewness LRO"
"Gopherus agassizii","NoPeak","Mean","Lifespan",0,"No-senescence-peak","Mean Lifespan"
"Gopherus agassizii","NoPeak","Var","Lifespan",0,"No-senescence-peak","Variance Lifespan"
"Gopherus agassizii","NoPeak","Skew","Lifespan",0,"No-senescence-peak","Skewness Lifespan"
"Gopherus agassizii","NoEarly","Mean","Lifespan",0.95641642731445,"No-senescence-early","Mean Lifespan"
"Gopherus agassizii","NoEarly","Var","Lifespan",18.3913049837365,"No-senescence-early","Variance Lifespan"
"Gopherus agassizii","NoEarly","Skew","Lifespan",29.4418962056871,"No-senescence-early","Skewness Lifespan"
"Gopherus agassizii","NoLate","Mean","Lifespan",0,"No-senescence-late","Mean Lifespan"
"Gopherus agassizii","NoLate","Var","Lifespan",0,"No-senescence-late","Variance Lifespan"
"Gopherus agassizii","NoLate","Skew","Lifespan",0,"No-senescence-late","Skewness Lifespan"
"Gopherus agassizii","NoPeak","Mean","LRO",0,"No-senescence-peak","Mean LRO"
"Gopherus agassizii","NoPeak","Var","LRO",0,"No-senescence-peak","Variance LRO"
"Gopherus agassizii","NoPeak","Skew","LRO",0,"No-senescence-peak","Skewness LRO"
"Gopherus agassizii","NoEarly","Mean","LRO",10.5474944815107,"No-senescence-early","Mean LRO"
"Gopherus agassizii","NoEarly","Var","LRO",46.5057686561647,"No-senescence-early","Variance LRO"
"Gopherus agassizii","NoEarly","Skew","LRO",33.7028600146009,"No-senescence-early","Skewness LRO"
"Gopherus agassizii","NoLate","Mean","LRO",0,"No-senescence-late","Mean LRO"
"Gopherus agassizii","NoLate","Var","LRO",0,"No-senescence-late","Variance LRO"
"Gopherus agassizii","NoLate","Skew","LRO",0,"No-senescence-late","Skewness LRO"
"Homo sapiens (Japan2009Female)","NoPeak","Mean","Lifespan",-1.1620638230447,"No-senescence-peak","Mean Lifespan"
"Homo sapiens (Japan2009Female)","NoPeak","Var","Lifespan",-1732.28415010868,"No-senescence-peak","Variance Lifespan"
"Homo sapiens (Japan2009Female)","NoPeak","Skew","Lifespan",191.117244668102,"No-senescence-peak","Skewness Lifespan"
"Homo sapiens (Japan2009Female)","NoEarly","Mean","Lifespan",-1.16583535764895,"No-senescence-early","Mean Lifespan"
"Homo sapiens (Japan2009Female)","NoEarly","Var","Lifespan",-2056.96288387177,"No-senescence-early","Variance Lifespan"
"Homo sapiens (Japan2009Female)","NoEarly","Skew","Lifespan",191.44768348857,"No-senescence-early","Skewness Lifespan"
"Homo sapiens (Japan2009Female)","NoLate","Mean","Lifespan",-1.15019538101401,"No-senescence-late","Mean Lifespan"
"Homo sapiens (Japan2009Female)","NoLate","Var","Lifespan",-1492.49382810291,"No-senescence-late","Variance Lifespan"
"Homo sapiens (Japan2009Female)","NoLate","Skew","Lifespan",190.731253130474,"No-senescence-late","Skewness Lifespan"
"Homo sapiens (Japan2009Female)","NoPeak","Mean","LRO",-6.84944315203,"No-senescence-peak","Mean LRO"
"Homo sapiens (Japan2009Female)","NoPeak","Var","LRO",-41.6439235178412,"No-senescence-peak","Variance LRO"
"Homo sapiens (Japan2009Female)","NoPeak","Skew","LRO",-53.2436045232187,"No-senescence-peak","Skewness LRO"
"Homo sapiens (Japan2009Female)","NoEarly","Mean","LRO",-6.51513144298228,"No-senescence-early","Mean LRO"
"Homo sapiens (Japan2009Female)","NoEarly","Var","LRO",-98.0603668820112,"No-senescence-early","Variance LRO"
"Homo sapiens (Japan2009Female)","NoEarly","Skew","LRO",-108.899116490577,"No-senescence-early","Skewness LRO"
"Homo sapiens (Japan2009Female)","NoLate","Mean","LRO",-6.826419606251,"No-senescence-late","Mean LRO"
"Homo sapiens (Japan2009Female)","NoLate","Var","LRO",-14.7204456387737,"No-senescence-late","Variance LRO"
"Homo sapiens (Japan2009Female)","NoLate","Skew","LRO",-10.2237197999854,"No-senescence-late","Skewness LRO"
"Homo sapiens (Sweden1891Female)","NoPeak","Mean","Lifespan",-1.04214819254934,"No-senescence-peak","Mean Lifespan"
"Homo sapiens (Sweden1891Female)","NoPeak","Var","Lifespan",-102.605409387368,"No-senescence-peak","Variance Lifespan"
"Homo sapiens (Sweden1891Female)","NoPeak","Skew","Lifespan",336.503252487108,"No-senescence-peak","Skewness Lifespan"
"Homo sapiens (Sweden1891Female)","NoEarly","Mean","Lifespan",-1.06594687316475,"No-senescence-early","Mean Lifespan"
"Homo sapiens (Sweden1891Female)","NoEarly","Var","Lifespan",-137.047849447365,"No-senescence-early","Variance Lifespan"
"Homo sapiens (Sweden1891Female)","NoEarly","Skew","Lifespan",375.273389048231,"No-senescence-early","Skewness Lifespan"
"Homo sapiens (Sweden1891Female)","NoLate","Mean","Lifespan",-0.923648769886816,"No-senescence-late","Mean Lifespan"
"Homo sapiens (Sweden1891Female)","NoLate","Var","Lifespan",-59.106488769254,"No-senescence-late","Variance Lifespan"
"Homo sapiens (Sweden1891Female)","NoLate","Skew","Lifespan",253.259420169104,"No-senescence-late","Skewness Lifespan"
"Homo sapiens (Sweden1891Female)","NoPeak","Mean","LRO",-5.07836655210391,"No-senescence-peak","Mean LRO"
"Homo sapiens (Sweden1891Female)","NoPeak","Var","LRO",-76.6255125670097,"No-senescence-peak","Variance LRO"
"Homo sapiens (Sweden1891Female)","NoPeak","Skew","LRO",-237.925803828,"No-senescence-peak","Skewness LRO"
"Homo sapiens (Sweden1891Female)","NoEarly","Mean","LRO",-2.7351756787952,"No-senescence-early","Mean LRO"
"Homo sapiens (Sweden1891Female)","NoEarly","Var","LRO",-154.811750287523,"No-senescence-early","Variance LRO"
"Homo sapiens (Sweden1891Female)","NoEarly","Skew","LRO",-363.296616539947,"No-senescence-early","Skewness LRO"
"Homo sapiens (Sweden1891Female)","NoLate","Mean","LRO",-2.7740183782052,"No-senescence-late","Mean LRO"
"Homo sapiens (Sweden1891Female)","NoLate","Var","LRO",-6.55297328676885,"No-senescence-late","Variance LRO"
"Homo sapiens (Sweden1891Female)","NoLate","Skew","LRO",-5.75320713074889,"No-senescence-late","Skewness LRO"
"Lacerta vivipara","NoPeak","Mean","Lifespan",0.136911811178161,"No-senescence-peak","Mean Lifespan"
"Lacerta vivipara","NoPeak","Var","Lifespan",1.92891480770528,"No-senescence-peak","Variance Lifespan"
"Lacerta vivipara","NoPeak","Skew","Lifespan",2.69108273012668,"No-senescence-peak","Skewness Lifespan"
"Lacerta vivipara","NoEarly","Mean","Lifespan",-0.271545630530696,"No-senescence-early","Mean Lifespan"
"Lacerta vivipara","NoEarly","Var","Lifespan",-3.11483632547306,"No-senescence-early","Variance Lifespan"
"Lacerta vivipara","NoEarly","Skew","Lifespan",-2.54771951486396,"No-senescence-early","Skewness Lifespan"
"Lacerta vivipara","NoLate","Mean","Lifespan",0,"No-senescence-late","Mean Lifespan"
"Lacerta vivipara","NoLate","Var","Lifespan",0,"No-senescence-late","Variance Lifespan"
"Lacerta vivipara","NoLate","Skew","Lifespan",0,"No-senescence-late","Skewness Lifespan"
"Lacerta vivipara","NoPeak","Mean","LRO",0.253176415407955,"No-senescence-peak","Mean LRO"
"Lacerta vivipara","NoPeak","Var","LRO",0.499020950405122,"No-senescence-peak","Variance LRO"
"Lacerta vivipara","NoPeak","Skew","LRO",0.14729581237571,"No-senescence-peak","Skewness LRO"
"Lacerta vivipara","NoEarly","Mean","LRO",-3.17887621542557,"No-senescence-early","Mean LRO"
"Lacerta vivipara","NoEarly","Var","LRO",-5.40828380168282,"No-senescence-early","Variance LRO"
"Lacerta vivipara","NoEarly","Skew","LRO",-0.609984849079376,"No-senescence-early","Skewness LRO"
"Lacerta vivipara","NoLate","Mean","LRO",0,"No-senescence-late","Mean LRO"
"Lacerta vivipara","NoLate","Var","LRO",0,"No-senescence-late","Variance LRO"
"Lacerta vivipara","NoLate","Skew","LRO",0,"No-senescence-late","Skewness LRO"
"Marmota flaviventris","NoPeak","Mean","Lifespan",-0.234914109528706,"No-senescence-peak","Mean Lifespan"
"Marmota flaviventris","NoPeak","Var","Lifespan",-2.58783160361741,"No-senescence-peak","Variance Lifespan"
"Marmota flaviventris","NoPeak","Skew","Lifespan",-3.42745619752933,"No-senescence-peak","Skewness Lifespan"
"Marmota flaviventris","NoEarly","Mean","Lifespan",-0.746235309888736,"No-senescence-early","Mean Lifespan"
"Marmota flaviventris","NoEarly","Var","Lifespan",-13.444913384221,"No-senescence-early","Variance Lifespan"
"Marmota flaviventris","NoEarly","Skew","Lifespan",-27.8522758924713,"No-senescence-early","Skewness Lifespan"
"Marmota flaviventris","NoLate","Mean","Lifespan",-0.234914109528706,"No-senescence-late","Mean Lifespan"
"Marmota flaviventris","NoLate","Var","Lifespan",-2.58783160361741,"No-senescence-late","Variance Lifespan"
"Marmota flaviventris","NoLate","Skew","Lifespan",-3.42745619752933,"No-senescence-late","Skewness Lifespan"
"Marmota flaviventris","NoPeak","Mean","LRO",-1.97568389057751,"No-senescence-peak","Mean LRO"
"Marmota flaviventris","NoPeak","Var","LRO",-4.91384196061159,"No-senescence-peak","Variance LRO"
"Marmota flaviventris","NoPeak","Skew","LRO",-1.80140383238468,"No-senescence-peak","Skewness LRO"
"Marmota flaviventris","NoEarly","Mean","LRO",-3.16836262719705,"No-senescence-early","Mean LRO"
"Marmota flaviventris","NoEarly","Var","LRO",-13.1163918486192,"No-senescence-early","Variance LRO"
"Marmota flaviventris","NoEarly","Skew","LRO",-10.5570374669173,"No-senescence-early","Skewness LRO"
"Marmota flaviventris","NoLate","Mean","LRO",-1.97568389057751,"No-senescence-late","Mean LRO"
"Marmota flaviventris","NoLate","Var","LRO",-4.91384196061159,"No-senescence-late","Variance LRO"
"Marmota flaviventris","NoLate","Skew","LRO",-1.80140383238468,"No-senescence-late","Skewness LRO"
"Microtus oeconomus","NoPeak","Mean","Lifespan",-0.519480519480518,"No-senescence-peak","Mean Lifespan"
"Microtus oeconomus","NoPeak","Var","Lifespan",-12.7621091354997,"No-senescence-peak","Variance Lifespan"
"Microtus oeconomus","NoPeak","Skew","Lifespan",-68.5947500479366,"No-senescence-peak","Skewness Lifespan"
"Microtus oeconomus","NoEarly","Mean","Lifespan",-4.48642266824085,"No-senescence-early","Mean Lifespan"
"Microtus oeconomus","NoEarly","Var","Lifespan",-31.9208542140654,"No-senescence-early","Variance Lifespan"
"Microtus oeconomus","NoEarly","Skew","Lifespan",-65.1320529098797,"No-senescence-early","Skewness Lifespan"
"Microtus oeconomus","NoLate","Mean","Lifespan",-1.64502164502165,"No-senescence-late","Mean Lifespan"
"Microtus oeconomus","NoLate","Var","Lifespan",-19.3233530894475,"No-senescence-late","Variance Lifespan"
"Microtus oeconomus","NoLate","Skew","Lifespan",-65.5704404083263,"No-senescence-late","Skewness Lifespan"
"Microtus oeconomus","NoPeak","Mean","LRO",-4.9144991779774,"No-senescence-peak","Mean LRO"
"Microtus oeconomus","NoPeak","Var","LRO",-21.5395215440419,"No-senescence-peak","Variance LRO"
"Microtus oeconomus","NoPeak","Skew","LRO",-27.1169239112541,"No-senescence-peak","Skewness LRO"
"Microtus oeconomus","NoEarly","Mean","LRO",-3.40132925511118,"No-senescence-early","Mean LRO"
"Microtus oeconomus","NoEarly","Var","LRO",-25.4864866156864,"No-senescence-early","Variance LRO"
"Microtus oeconomus","NoEarly","Skew","LRO",-38.1037851183434,"No-senescence-early","Skewness LRO"
"Microtus oeconomus","NoLate","Mean","LRO",-4.33176240579901,"No-senescence-late","Mean LRO"
"Microtus oeconomus","NoLate","Var","LRO",-15.6862109882764,"No-senescence-late","Variance LRO"
"Microtus oeconomus","NoLate","Skew","LRO",-13.3233710102816,"No-senescence-late","Skewness LRO"
"Orcinus orca","NoPeak","Mean","Lifespan",-3.28878931042217,"No-senescence-peak","Mean Lifespan"
"Orcinus orca","NoPeak","Var","Lifespan",-102.198818160062,"No-senescence-peak","Variance Lifespan"
"Orcinus orca","NoPeak","Skew","Lifespan",164.312826303475,"No-senescence-peak","Skewness Lifespan"
"Orcinus orca","NoEarly","Mean","Lifespan",-3.02563670146562,"No-senescence-early","Mean Lifespan"
"Orcinus orca","NoEarly","Var","Lifespan",-182.611841236691,"No-senescence-early","Variance Lifespan"
"Orcinus orca","NoEarly","Skew","Lifespan",213.639398522168,"No-senescence-early","Skewness Lifespan"
"Orcinus orca","NoLate","Mean","Lifespan",-2.73620068063103,"No-senescence-late","Mean Lifespan"
"Orcinus orca","NoLate","Var","Lifespan",-32.7940206753166,"No-senescence-late","Variance Lifespan"
"Orcinus orca","NoLate","Skew","Lifespan",71.3053092922554,"No-senescence-late","Skewness Lifespan"
"Orcinus orca","NoPeak","Mean","LRO",-10.185453697479,"No-senescence-peak","Mean LRO"
"Orcinus orca","NoPeak","Var","LRO",-42.7492280766726,"No-senescence-peak","Variance LRO"
"Orcinus orca","NoPeak","Skew","LRO",-39.9936161893547,"No-senescence-peak","Skewness LRO"
"Orcinus orca","NoEarly","Mean","LRO",-9.13185247794206,"No-senescence-early","Mean LRO"
"Orcinus orca","NoEarly","Var","LRO",-86.3642005011353,"No-senescence-early","Variance LRO"
"Orcinus orca","NoEarly","Skew","LRO",-85.126992778381,"No-senescence-early","Skewness LRO"
"Orcinus orca","NoLate","Mean","LRO",-5.33951123197816,"No-senescence-late","Mean LRO"
"Orcinus orca","NoLate","Var","LRO",-8.36973989911433,"No-senescence-late","Variance LRO"
"Orcinus orca","NoLate","Skew","LRO",-0.121720096641001,"No-senescence-late","Skewness LRO"
"Ovis aries","NoPeak","Mean","Lifespan",-5.23549933513574,"No-senescence-peak","Mean Lifespan"
"Ovis aries","NoPeak","Var","Lifespan",-50.5421934575796,"No-senescence-peak","Variance Lifespan"
"Ovis aries","NoPeak","Skew","Lifespan",-83.181958827548,"No-senescence-peak","Skewness Lifespan"
"Ovis aries","NoEarly","Mean","Lifespan",2.86917271483643,"No-senescence-early","Mean Lifespan"
"Ovis aries","NoEarly","Var","Lifespan",-32.289540203379,"No-senescence-early","Variance Lifespan"
"Ovis aries","NoEarly","Skew","Lifespan",-108.15665872139,"No-senescence-early","Skewness Lifespan"
"Ovis aries","NoLate","Mean","Lifespan",0.243125022973481,"No-senescence-late","Mean Lifespan"
"Ovis aries","NoLate","Var","Lifespan",1.1756975511244,"No-senescence-late","Variance Lifespan"
"Ovis aries","NoLate","Skew","Lifespan",0.799831565185467,"No-senescence-late","Skewness Lifespan"
"Ovis aries","NoPeak","Mean","LRO",-9.38507362118212,"No-senescence-peak","Mean LRO"
"Ovis aries","NoPeak","Var","LRO",-49.5398975960367,"No-senescence-peak","Variance LRO"
"Ovis aries","NoPeak","Skew","LRO",-45.4148445951371,"No-senescence-peak","Skewness LRO"
"Ovis aries","NoEarly","Mean","LRO",8.72295139008616,"No-senescence-early","Mean LRO"
"Ovis aries","NoEarly","Var","LRO",-15.0397855573818,"No-senescence-early","Variance LRO"
"Ovis aries","NoEarly","Skew","LRO",-61.1523230174761,"No-senescence-early","Skewness LRO"
"Ovis aries","NoLate","Mean","LRO",-0.42528085744489,"No-senescence-late","Mean LRO"
"Ovis aries","NoLate","Var","LRO",-1.19558627362129,"No-senescence-late","Variance LRO"
"Ovis aries","NoLate","Skew","LRO",-0.584138135968248,"No-senescence-late","Skewness LRO"
"Pan troglodytes","NoPeak","Mean","Lifespan",86.8817855092147,"No-senescence-peak","Mean Lifespan"
"Pan troglodytes","NoPeak","Var","Lifespan",99.988471921771,"No-senescence-peak","Variance Lifespan"
"Pan troglodytes","NoPeak","Skew","Lifespan",94.8668160040531,"No-senescence-peak","Skewness Lifespan"
"Pan troglodytes","NoEarly","Mean","Lifespan",86.5459581769935,"No-senescence-early","Mean Lifespan"
"Pan troglodytes","NoEarly","Var","Lifespan",99.9838474541083,"No-senescence-early","Variance Lifespan"
"Pan troglodytes","NoEarly","Skew","Lifespan",90.4107033076813,"No-senescence-early","Skewness Lifespan"
"Pan troglodytes","NoLate","Mean","Lifespan",86.8592883263083,"No-senescence-late","Mean Lifespan"
"Pan troglodytes","NoLate","Var","Lifespan",99.9888221304777,"No-senescence-late","Variance Lifespan"
"Pan troglodytes","NoLate","Skew","Lifespan",95.8588390960321,"No-senescence-late","Skewness Lifespan"
"Pan troglodytes","NoPeak","Mean","LRO",-1.35220199061961,"No-senescence-peak","Mean LRO"
"Pan troglodytes","NoPeak","Var","LRO",-9.07299731876768,"No-senescence-peak","Variance LRO"
"Pan troglodytes","NoPeak","Skew","LRO",-15.4515075895829,"No-senescence-peak","Skewness LRO"
"Pan troglodytes","NoEarly","Mean","LRO",-3.81285610579262,"No-senescence-early","Mean LRO"
"Pan troglodytes","NoEarly","Var","LRO",-59.6966053328703,"No-senescence-early","Variance LRO"
"Pan troglodytes","NoEarly","Skew","LRO",-70.5410720770312,"No-senescence-early","Skewness LRO"
"Pan troglodytes","NoLate","Mean","LRO",-0.547983698541768,"No-senescence-late","Mean LRO"
"Pan troglodytes","NoLate","Var","LRO",-1.57558537768502,"No-senescence-late","Variance LRO"
"Pan troglodytes","NoLate","Skew","LRO",-0.935307160807844,"No-senescence-late","Skewness LRO"
"Panthera leo","NoPeak","Mean","Lifespan",-1.80262968381805,"No-senescence-peak","Mean Lifespan"
"Panthera leo","NoPeak","Var","Lifespan",-11.0317698147348,"No-senescence-peak","Variance Lifespan"
"Panthera leo","NoPeak","Skew","Lifespan",-24.1335500282539,"No-senescence-peak","Skewness Lifespan"
"Panthera leo","NoEarly","Mean","Lifespan",-4.2165366067887,"No-senescence-early","Mean Lifespan"
"Panthera leo","NoEarly","Var","Lifespan",-64.5884607657498,"No-senescence-early","Variance Lifespan"
"Panthera leo","NoEarly","Skew","Lifespan",-139.229477840458,"No-senescence-early","Skewness Lifespan"
"Panthera leo","NoLate","Mean","Lifespan",-0.699136000961196,"No-senescence-late","Mean Lifespan"
"Panthera leo","NoLate","Var","Lifespan",-3.47096286848948,"No-senescence-late","Variance Lifespan"
"Panthera leo","NoLate","Skew","Lifespan",-6.05187868797077,"No-senescence-late","Skewness Lifespan"
"Panthera leo","NoPeak","Mean","LRO",-5.75886429665945,"No-senescence-peak","Mean LRO"
"Panthera leo","NoPeak","Var","LRO",-17.158227069408,"No-senescence-peak","Variance LRO"
"Panthera leo","NoPeak","Skew","LRO",-10.1078196889052,"No-senescence-peak","Skewness LRO"
"Panthera leo","NoEarly","Mean","LRO",-3.8872969813407,"No-senescence-early","Mean LRO"
"Panthera leo","NoEarly","Var","LRO",-64.6113879458144,"No-senescence-early","Variance LRO"
"Panthera leo","NoEarly","Skew","LRO",-76.1732782453972,"No-senescence-early","Skewness LRO"
"Panthera leo","NoLate","Mean","LRO",-2.16674461107885,"No-senescence-late","Mean LRO"
"Panthera leo","NoLate","Var","LRO",-5.29736781170684,"No-senescence-late","Variance LRO"
"Panthera leo","NoLate","Skew","LRO",-1.57592139145607,"No-senescence-late","Skewness LRO"
"Papio cynocephalus","NoPeak","Mean","Lifespan",-0.036608170267131,"No-senescence-peak","Mean Lifespan"
"Papio cynocephalus","NoPeak","Var","Lifespan",-0.290078451913397,"No-senescence-peak","Variance Lifespan"
"Papio cynocephalus","NoPeak","Skew","Lifespan",-2.5329253732221,"No-senescence-peak","Skewness Lifespan"
"Papio cynocephalus","NoEarly","Mean","Lifespan",-2.71784722118237,"No-senescence-early","Mean Lifespan"
"Papio cynocephalus","NoEarly","Var","Lifespan",-65.4220228816669,"No-senescence-early","Variance Lifespan"
"Papio cynocephalus","NoEarly","Skew","Lifespan",-415.565005728014,"No-senescence-early","Skewness Lifespan"
"Papio cynocephalus","NoLate","Mean","Lifespan",-0.00798453997682328,"No-senescence-late","Mean Lifespan"
"Papio cynocephalus","NoLate","Var","Lifespan",-0.0583924008960141,"No-senescence-late","Variance Lifespan"
"Papio cynocephalus","NoLate","Skew","Lifespan",-0.472221591503107,"No-senescence-late","Skewness Lifespan"
"Papio cynocephalus","NoPeak","Mean","LRO",-0.516257738794611,"No-senescence-peak","Mean LRO"
"Papio cynocephalus","NoPeak","Var","LRO",-1.58800138181294,"No-senescence-peak","Variance LRO"
"Papio cynocephalus","NoPeak","Skew","LRO",-1.29948095001995,"No-senescence-peak","Skewness LRO"
"Papio cynocephalus","NoEarly","Mean","LRO",-5.52900960735276,"No-senescence-early","Mean LRO"
"Papio cynocephalus","NoEarly","Var","LRO",-59.5606143691579,"No-senescence-early","Variance LRO"
"Papio cynocephalus","NoEarly","Skew","LRO",-72.5784803333117,"No-senescence-early","Skewness LRO"
"Papio cynocephalus","NoLate","Mean","LRO",-0.137561629749684,"No-senescence-late","Mean LRO"
"Papio cynocephalus","NoLate","Var","LRO",-0.41072736091348,"No-senescence-late","Variance LRO"
"Papio cynocephalus","NoLate","Skew","LRO",-0.307796346012996,"No-senescence-late","Skewness LRO"
"Parus major","NoPeak","Mean","Lifespan",-0.275452164597298,"No-senescence-peak","Mean Lifespan"
"Parus major","NoPeak","Var","Lifespan",-4.70057403769966,"No-senescence-peak","Variance Lifespan"
"Parus major","NoPeak","Skew","Lifespan",-15.3085474743129,"No-senescence-peak","Skewness Lifespan"
"Parus major","NoEarly","Mean","Lifespan",0.181577423256906,"No-senescence-early","Mean Lifespan"
"Parus major","NoEarly","Var","Lifespan",-3.07368971072939,"No-senescence-early","Variance Lifespan"
"Parus major","NoEarly","Skew","Lifespan",-20.6552125300101,"No-senescence-early","Skewness Lifespan"
"Parus major","NoLate","Mean","Lifespan",-0.00503930659142624,"No-senescence-late","Mean Lifespan"
"Parus major","NoLate","Var","Lifespan",-0.113531712411079,"No-senescence-late","Variance Lifespan"
"Parus major","NoLate","Skew","Lifespan",-0.564083424048544,"No-senescence-late","Skewness Lifespan"
"Parus major","NoPeak","Mean","LRO",-1.02263399333225,"No-senescence-peak","Mean LRO"
"Parus major","NoPeak","Var","LRO",-2.42313616498252,"No-senescence-peak","Variance LRO"
"Parus major","NoPeak","Skew","LRO",-1.81972098889447,"No-senescence-peak","Skewness LRO"
"Parus major","NoEarly","Mean","LRO",2.71038806030088,"No-senescence-early","Mean LRO"
"Parus major","NoEarly","Var","LRO",2.72401223438147,"No-senescence-early","Variance LRO"
"Parus major","NoEarly","Skew","LRO",-2.41003999218598,"No-senescence-early","Skewness LRO"
"Parus major","NoLate","Mean","LRO",-0.0257378174330857,"No-senescence-late","Mean LRO"
"Parus major","NoLate","Var","LRO",-0.0627752337132437,"No-senescence-late","Variance LRO"
"Parus major","NoLate","Skew","LRO",-0.0506126016347169,"No-senescence-late","Skewness LRO"
"Rupicapra rupicapra","NoPeak","Mean","Lifespan",-2.82712145891221,"No-senescence-peak","Mean Lifespan"
"Rupicapra rupicapra","NoPeak","Var","Lifespan",-22.7574155029001,"No-senescence-peak","Variance Lifespan"
"Rupicapra rupicapra","NoPeak","Skew","Lifespan",233.167470457997,"No-senescence-peak","Skewness Lifespan"
"Rupicapra rupicapra","NoEarly","Mean","Lifespan",-7.35073707551432,"No-senescence-early","Mean Lifespan"
"Rupicapra rupicapra","NoEarly","Var","Lifespan",-59.8044414801995,"No-senescence-early","Variance Lifespan"
"Rupicapra rupicapra","NoEarly","Skew","Lifespan",442.431153550814,"No-senescence-early","Skewness Lifespan"
"Rupicapra rupicapra","NoLate","Mean","Lifespan",0.0205313513735397,"No-senescence-late","Mean Lifespan"
"Rupicapra rupicapra","NoLate","Var","Lifespan",0.102333974208614,"No-senescence-late","Variance Lifespan"
"Rupicapra rupicapra","NoLate","Skew","Lifespan",0.593821403341203,"No-senescence-late","Skewness Lifespan"
"Rupicapra rupicapra","NoPeak","Mean","LRO",-8.59740339389078,"No-senescence-peak","Mean LRO"
"Rupicapra rupicapra","NoPeak","Var","LRO",-21.0613953231455,"No-senescence-peak","Variance LRO"
"Rupicapra rupicapra","NoPeak","Skew","LRO",-11.9185850513914,"No-senescence-peak","Skewness LRO"
"Rupicapra rupicapra","NoEarly","Mean","LRO",-11.4470007851982,"No-senescence-early","Mean LRO"
"Rupicapra rupicapra","NoEarly","Var","LRO",-34.7993328920446,"No-senescence-early","Variance LRO"
"Rupicapra rupicapra","NoEarly","Skew","LRO",-23.5351177987555,"No-senescence-early","Skewness LRO"
"Rupicapra rupicapra","NoLate","Mean","LRO",-0.868183133107019,"No-senescence-late","Mean LRO"
"Rupicapra rupicapra","NoLate","Var","LRO",-2.2018633110444,"No-senescence-late","Variance LRO"
"Rupicapra rupicapra","NoLate","Skew","LRO",-1.54814425341989,"No-senescence-late","Skewness LRO"
